Position,Name,ID,Salary,GameInfo,TeamAbbrev,AvgPointsPerGame
QB,KC QB1,30000001,8000,BUF@KC 09/08/2024 01:00PM ET,KC,18.5
RB,KC RB1,30000002,8900,BUF@KC 09/08/2024 01:00PM ET,KC,20.9
RB,KC RB2,30000003,5600,BUF@KC 09/08/2024 01:00PM ET,KC,11.8
RB,KC RB3,30000004,4800,BUF@KC 09/08/2024 01:00PM ET,KC,13.1
WR,KC WR1,30000005,7000,BUF@KC 09/08/2024 01:00PM ET,KC,15.0
WR,KC WR2,30000006,6300,BUF@KC 09/08/2024 01:00PM ET,KC,12.9
WR,KC WR3,30000007,4100,BUF@KC 09/08/2024 01:00PM ET,KC,8.6
WR,KC WR4,30000008,6800,BUF@KC 09/08/2024 01:00PM ET,KC,17.6
TE,KC TE1,30000009,4000,BUF@KC 09/08/2024 01:00PM ET,KC,10.1
TE,KC TE2,30000010,6200,BUF@KC 09/08/2024 01:00PM ET,KC,13.2
DST,KC DST1,30000011,3600,BUF@KC 09/08/2024 01:00PM ET,KC,11.3
QB,BUF QB1,30000012,6000,BUF@KC 09/08/2024 01:00PM ET,BUF,17.2
RB,BUF RB1,30000013,5200,BUF@KC 09/08/2024 01:00PM ET,BUF,14.2
RB,BUF RB2,30000014,6300,BUF@KC 09/08/2024 01:00PM ET,BUF,14.4
RB,BUF RB3,30000015,5500,BUF@KC 09/08/2024 01:00PM ET,BUF,16.5
WR,BUF WR1,30000016,5700,BUF@KC 09/08/2024 01:00PM ET,BUF,11.9
WR,BUF WR2,30000017,6000,BUF@KC 09/08/2024 01:00PM ET,BUF,12.6
WR,BUF WR3,30000018,5800,BUF@KC 09/08/2024 01:00PM ET,BUF,15.1
WR,BUF WR4,30000019,3800,BUF@KC 09/08/2024 01:00PM ET,BUF,10.9
TE,BUF TE1,30000020,6200,BUF@KC 09/08/2024 01:00PM ET,BUF,11.4
TE,BUF TE2,30000021,5200,BUF@KC 09/08/2024 01:00PM ET,BUF,8.9
DST,BUF DST1,30000022,3100,BUF@KC 09/08/2024 01:00PM ET,BUF,11.3
QB,SF QB1,30000023,7900,DAL@SF 09/08/2024 01:00PM ET,SF,22.9
RB,SF RB1,30000024,6500,DAL@SF 09/08/2024 01:00PM ET,SF,16.7
RB,SF RB2,30000025,8700,DAL@SF 09/08/2024 01:00PM ET,SF,19.2
RB,SF RB3,30000026,8400,DAL@SF 09/08/2024 01:00PM ET,SF,19.4
WR,SF WR1,30000027,5400,DAL@SF 09/08/2024 01:00PM ET,SF,16.4
WR,SF WR2,30000028,5000,DAL@SF 09/08/2024 01:00PM ET,SF,14.7
WR,SF WR3,30000029,6000,DAL@SF 09/08/2024 01:00PM ET,SF,13.7
WR,SF WR4,30000030,7600,DAL@SF 09/08/2024 01:00PM ET,SF,21.0
TE,SF TE1,30000031,3800,DAL@SF 09/08/2024 01:00PM ET,SF,7.6
TE,SF TE2,30000032,4100,DAL@SF 09/08/2024 01:00PM ET,SF,10.0
DST,SF DST1,30000033,2400,DAL@SF 09/08/2024 01:00PM ET,SF,7.9
QB,DAL QB1,30000034,6500,DAL@SF 09/08/2024 01:00PM ET,DAL,17.1
RB,DAL RB1,30000035,5700,DAL@SF 09/08/2024 01:00PM ET,DAL,12.2
RB,DAL RB2,30000036,6600,DAL@SF 09/08/2024 01:00PM ET,DAL,15.1
RB,DAL RB3,30000037,8200,DAL@SF 09/08/2024 01:00PM ET,DAL,21.6
WR,DAL WR1,30000038,5000,DAL@SF 09/08/2024 01:00PM ET,DAL,13.6
WR,DAL WR2,30000039,8500,DAL@SF 09/08/2024 01:00PM ET,DAL,22.9
WR,DAL WR3,30000040,5000,DAL@SF 09/08/2024 01:00PM ET,DAL,14.4
WR,DAL WR4,30000041,5600,DAL@SF 09/08/2024 01:00PM ET,DAL,13.4
TE,DAL TE1,30000042,3200,DAL@SF 09/08/2024 01:00PM ET,DAL,5.3
TE,DAL TE2,30000043,4800,DAL@SF 09/08/2024 01:00PM ET,DAL,8.8
DST,DAL DST1,30000044,3700,DAL@SF 09/08/2024 01:00PM ET,DAL,10.5
QB,MIA QB1,30000045,8000,PHI@MIA 09/08/2024 01:00PM ET,MIA,20.6
RB,MIA RB1,30000046,5800,PHI@MIA 09/08/2024 01:00PM ET,MIA,12.3
RB,MIA RB2,30000047,8900,PHI@MIA 09/08/2024 01:00PM ET,MIA,22.6
RB,MIA RB3,30000048,5800,PHI@MIA 09/08/2024 01:00PM ET,MIA,16.0
WR,MIA WR1,30000049,6300,PHI@MIA 09/08/2024 01:00PM ET,MIA,18.1
WR,MIA WR2,30000050,6100,PHI@MIA 09/08/2024 01:00PM ET,MIA,14.4
WR,MIA WR3,30000051,4400,PHI@MIA 09/08/2024 01:00PM ET,MIA,11.1
WR,MIA WR4,30000052,4100,PHI@MIA 09/08/2024 01:00PM ET,MIA,11.8
TE,MIA TE1,30000053,3500,PHI@MIA 09/08/2024 01:00PM ET,MIA,5.6
TE,MIA TE2,30000054,3800,PHI@MIA 09/08/2024 01:00PM ET,MIA,10.1
DST,MIA DST1,30000055,3500,PHI@MIA 09/08/2024 01:00PM ET,MIA,11.1
QB,PHI QB1,30000056,7200,PHI@MIA 09/08/2024 01:00PM ET,PHI,18.0
RB,PHI RB1,30000057,7100,PHI@MIA 09/08/2024 01:00PM ET,PHI,17.9
RB,PHI RB2,30000058,7700,PHI@MIA 09/08/2024 01:00PM ET,PHI,21.4
RB,PHI RB3,30000059,4200,PHI@MIA 09/08/2024 01:00PM ET,PHI,11.6
WR,PHI WR1,30000060,4300,PHI@MIA 09/08/2024 01:00PM ET,PHI,11.8
WR,PHI WR2,30000061,7000,PHI@MIA 09/08/2024 01:00PM ET,PHI,19.0
WR,PHI WR3,30000062,8500,PHI@MIA 09/08/2024 01:00PM ET,PHI,22.1
WR,PHI WR4,30000063,4300,PHI@MIA 09/08/2024 01:00PM ET,PHI,9.5
TE,PHI TE1,30000064,3800,PHI@MIA 09/08/2024 01:00PM ET,PHI,8.1
TE,PHI TE2,30000065,4400,PHI@MIA 09/08/2024 01:00PM ET,PHI,12.5
DST,PHI DST1,30000066,2700,PHI@MIA 09/08/2024 01:00PM ET,PHI,8.1
QB,CIN QB1,30000067,6300,BAL@CIN 09/08/2024 01:00PM ET,CIN,18.6
RB,CIN RB1,30000068,6100,BAL@CIN 09/08/2024 01:00PM ET,CIN,17.3
RB,CIN RB2,30000069,7400,BAL@CIN 09/08/2024 01:00PM ET,CIN,19.2
RB,CIN RB3,30000070,5100,BAL@CIN 09/08/2024 01:00PM ET,CIN,12.0
WR,CIN WR1,30000071,4600,BAL@CIN 09/08/2024 01:00PM ET,CIN,11.7
WR,CIN WR2,30000072,8500,BAL@CIN 09/08/2024 01:00PM ET,CIN,23.8
WR,CIN WR3,30000073,3600,BAL@CIN 09/08/2024 01:00PM ET,CIN,9.6
WR,CIN WR4,30000074,6700,BAL@CIN 09/08/2024 01:00PM ET,CIN,13.9
TE,CIN TE1,30000075,5100,BAL@CIN 09/08/2024 01:00PM ET,CIN,13.5
TE,CIN TE2,30000076,4700,BAL@CIN 09/08/2024 01:00PM ET,CIN,8.8
DST,CIN DST1,30000077,2900,BAL@CIN 09/08/2024 01:00PM ET,CIN,11.0
QB,BAL QB1,30000078,6200,BAL@CIN 09/08/2024 01:00PM ET,BAL,13.6
RB,BAL RB1,30000079,7300,BAL@CIN 09/08/2024 01:00PM ET,BAL,20.1
RB,BAL RB2,30000080,9000,BAL@CIN 09/08/2024 01:00PM ET,BAL,22.7
RB,BAL RB3,30000081,5000,BAL@CIN 09/08/2024 01:00PM ET,BAL,10.3
WR,BAL WR1,30000082,6600,BAL@CIN 09/08/2024 01:00PM ET,BAL,19.2
WR,BAL WR2,30000083,4600,BAL@CIN 09/08/2024 01:00PM ET,BAL,10.1
WR,BAL WR3,30000084,7400,BAL@CIN 09/08/2024 01:00PM ET,BAL,18.0
WR,BAL WR4,30000085,4900,BAL@CIN 09/08/2024 01:00PM ET,BAL,14.8
TE,BAL TE1,30000086,4000,BAL@CIN 09/08/2024 01:00PM ET,BAL,10.1
TE,BAL TE2,30000087,5300,BAL@CIN 09/08/2024 01:00PM ET,BAL,14.6
DST,BAL DST1,30000088,3300,BAL@CIN 09/08/2024 01:00PM ET,BAL,9.5
